account,nick
EmulAccount,priotere
dbbb,隆南
xiaohuzi999,翁飞文
deee,干向明
shenxiamin,田永言
aaa_9900,房托
dddd,晏鹏鲸
xiaohuzi888,马达加加加
aaa_99001,李子石
aaa_99002,养浩阔
aaa_99003,夏侯祺祥
xiaohuzi8882,束福
sss,魏泰然
daaa,薄修雅
daaa1,双浦
daaa33,惠元洲
daaa_001,幸经纬
凤飞飞,辛伟晔
fff4345,威武
daaa_002,舒志用
daaa_003,赵哲茂
daaa_004,穆文滨
daaa_0010,哈哈哈哈
daaa_0011,井擎苍
shenxiamin2,祝旗
shenxiamin3,崔邢
shenxiamin4,聂飞文
shenxiamin6,殳光辉
shenxiamin7,左丘兴学
shenxiamin8,国海
shenxiamin9,伊哲圣
shenxiamin10,端木正业
dvvv,dvvv
shenxiamin11,庚密
shenxiamin999,噩噩噩噩
shenxiamin12,戈明哲
shenxiamin21,蔺乐康
fefe,仉督彭湃
凤飞飞3,鞠诚
shenxiamin15,邹州
shenxiamin4455,须瑎
凤飞飞4,蒯飞英
凤飞飞5,卓宾实
shenxiamin4456,通明轩
shenxiamin40,舒哲圣
shenxiamin41,郝景
shenxiamin42,瞿星纬
shenxiamin43,简温纶
shenxiamin111,慎伟晔
shenxiamin112,逯俊风
shenxiamin113,蔡鄂
shenxiamin114,吉温纶
daaa334455,沃宏深
daaa9900,奚阳波
shenxiamin1144,翁回
dbbb1122,郗嘉珍
daaa4455,古宜
ffere234,杜宜
gggg555,江临
wxy,霍枣
wxy1,成门
wxy2,空安
wxy3,从乐
wxy4,wxy4
wxy7,钟离山
sxm567,有琴红
xiaohuzi777,薄杰
wxy9,wxy9
sxm0630,曼联
sxm063000,姚宾实
sxm06300,敖子晋
667788,乐梁
凤飞飞15,都元洲
lzd1,何明哲
duuu,duuu
lzd2,江兴
7777777,毋擎苍
wxy10,wxy10
lzd3,姚宾
wxy12,wxy12
wxy13,wxy13
lzd4,戈石
xiaohuzi666,陶志国
lzd10,鱼永逸
lzd13,景子真
wwww,濮阳实
abc,缑亢彭湃
lzd14,钟离经纬
uuiiiii,奚正浩
abcd,伍向晨
wxy911,奚宇寰
wxy912,包志业
wxy913,宋成化
lzd100,测试一号
lzd1001,杭展鹏
lzd10001,阎豪
lzd100001,沙心思
lzd2001,巩阳嘉
lzd2002,符兴安
lzd3001,岳帅梁
lzd3002,许高寒
wxy58,wxyqe
凤飞飞20,汪欣然
小霸王,韶鸿福
lzd5001,戚奇致
45646454,濮阳睿博
guchen123,小旋风
wangamao,粗大长
huawuque,庄奎
wanghao910,铁血蓝军
lzd112233,佘佴友
lzd6002,暴永
dddaaa,钟朝
lzd8002,胡乐
lzd8003,吕子昂
wxy11,韩浩阔
lzd8004,慎康胜
wxy7788996,訾石
hjhkl,大问题安抚
dccc,别安澜
4349226,柴康胜
wxy20,许原
凤飞飞2,慎学义
ddd,妫海子晋
qwer,qwer
wangamao1,于明轩
reye,南宫宜修
lzd_test_charge6,周烨霖
shenxiamin1,施鹏云
shenxiamin5,包景明
lzd_test_002,薄祺祥
lzd_test_003,万泽
lzd_test_004,沃经艺
lzd_test_005,晁淖
lzd_test_006,容浩阔
jkl,洪兴怀
guchen123412,南门海
lzd_test_007,秋祺祥
qqqq,qqqq
shenxiamin123,红修平
shenxiamin124,狄永昌
shenxiamin125,花锦
shenxiamin126,夏阳
w1,幸阳
shenxiamin127,宰梁
shenxiamin20140611,杨奇迈
lzd,刁高爽
opop,湛门
aaa,陶瓯
vvvv,vvvv
lzd1000,毋文轩
Bbbb,bbbb
cccc,cccc
lzd10000,云擎苍
lzd100000,别溪
lzd1000000,凌宏深
lzd10000000,庄高寒
lzd100000000,袁枣
rrrrrrrrrrrrr,贺瓯
w2,云子
lzda,蔺飞文
q5,申屠飞文
lzda0,郗溪
凤飞飞23423,柳阳煦
963852741,赫连正业
shenxiamin4477,宁俊雄
ooo,袁烨华
wyhf,岳云天
shenxiamin115566,夏明轩
sdfa343,长孙华皓
lunasea3,公密
zhuce001,晁奎
xiaohuzi555,荀克
wxy1100,徐景
xiaohuzi444,羊永
wxy11000,国津
wxy110000,桂永逸
wxy1100000,郦高寒
wxy11000001,古力行
wxy11000003,点点滴滴
wxy110000031,骆乐湛
3345658,牛石
klsllw,佘佴英朗
6412208,马晁
fff435,吉修永
shenxiamin7744,谯笪雅珺
shenxiamin7745,桂友
6677,陆鹏云
aosy888,明明
23213,钟离新觉
a87586982,巩会
臭豆腐,宣奎
lzd0,漆雕英博
test1,况後浩阔
zhaoxiaoyun,宋雅珺
lzd01,车宏深
qq768ww,夏永逸
wh,瓜迪奥拉
4454发放人23,熊晁
123456,轩辕祺祥
111,鞠新觉
啊哈地方是,栓神
xl1,大鸡鸡
1233232,无聊人
1257821,和力行
16962286,无敌于天下
5391846,二千花
18674516,方经纬
17154981,侯翰藻
17103364,凌法
18719029,拽囡囡
16524288,窦倧
Era,小栓栓
17808035,韩文轩
huzhuojin,糜山
jiangyuhan,敖杰
daab,仰鹏云
18763805,武逸明
wxy4455,桂伟宸
wxy445566,公豪
Joan,许陆
wxy44556677,寿景澄
shenxiamin77456,任湖
wxy900,廖永逸
daaa4,滕正青
daaa5,沙长
shanfangzheng,妫海武
daaa6,水正业
daaa64,巢喀
daaa623,成意远
daaa6235,全文轩
rico,曾飞文
发饰发424,李阳嘉
wxy9001,妫海长
yuuuiii,查彭湃
shaonian,宁伟晔
wxy115,姬宏恺
sdf,钟龙
asdf,阎雅珺
wxy116,赫连宁
wxy808,HO迪纳塔莱
jc,JW雷维尔
jc1,UY皮尔洛
wxy9004455,KT罗西
ICE_yjtlove,QE胡尔克
guoerzhi,FBI利利
sfz,ZW穆蒂尼奥
iamrise,LV巴尔德斯
yaowan001,孤九寒
lzd123,PV里克尔梅
fgh,FH乔文科
12345,II卡尼吉亚
lzd-1,CX多姆比亚
ffgg,DH西多夫
5186047632,热血十一人
2266908917,从不穿内裤
1259746897,CT迪马利亚
2010741674,阳royka
xiaohuzi919,AJ亚当斯
yuio,EI帕托
2400860677,哇了个卡咔哈
2865481794,谢文东
wxy11122,IG苏博蒂奇
pk,pk测试
wxy97788,WM杰拉德
pk1,pk一测试
ZYQ1,TL理查兹
1738166255,daylynve
tz,EE伊斯科
2857099543,贝影
2532803734,啊哈哈哈哈
1763430384,beal乐园j9w
renwu,任务测试
wxy012,GT胡安
wxy0123,DZ科斯塔
wxy01234,AZ福格茨
wxy012345,YB胡梅尔斯
wxy0123456,GU奥塔门迪
wxy01234567,CW查尔顿
2259680482,HS耶罗
weibo,TD哈维
wxy0123456789011,NU瓦雷罗
wxy01234567890112,ET丹特
newtest,UL克罗尔
zzz,KG苏亚雷斯
hhh,DF普列托
haitao2,HG理查兹
haitao3,AI姆希塔良
1473690350,我本有心向明月_奈何明月照沟渠
7190,HT邓加
7192,PV拉诺齐亚
1988733061,妞妈和妞妞
wefwefc1,JG坎德里瓦
7200,七二零零
凤飞飞23,FR贝尔
7210,QV普列托
4455566,FG基恩
7230,ZX萨穆埃尔
dyyyy,dyyyy
dwww,dwww
wxy9002,CQ卡瓦尼
42342,JX达格利什
7280,AT巴尔德斯
uuiioo,TA贝拉
dbbb9900,EH里贝里
803,DG坎贝尔
8031,HH哈姆西克
8032,DP马特拉齐
810,DG亨利
811,FU利扎拉祖
daaa123,LO罗伊斯
xbhuzi0,WP莫德里奇
